Anaheim Angels,1997,1004370.06452
Anaheim Angels,1998,1214147.05882
Anaheim Angels,1999,1384704.15
Anaheim Angels,2000,1715472.23333
Anaheim Angels,2001,1584505.56667
Anaheim Angels,2002,2204345.25
Anaheim Angels,2003,2927098.77778
Anaheim Angels,2004,3723506.18519
Arizona Diamondbacks,1998,898527.777778
Arizona Diamondbacks,1999,2020705.85294
Arizona Diamondbacks,2000,2893851.17857
Arizona Diamondbacks,2001,3038678.53571
Arizona Diamondbacks,2002,3115757.54545
Arizona Diamondbacks,2003,3226280.0
Arizona Diamondbacks,2004,2406232.75862
Arizona Diamondbacks,2005,2308487.62963
Arizona Diamondbacks,2006,2295547.15385
Arizona Diamondbacks,2007,1859555.21429
Arizona Diamondbacks,2008,2364382.57143
Arizona Diamondbacks,2009,2812141.0
Arizona Diamondbacks,2010,2335314.07692
Arizona Diamondbacks,2011,1986660.48148
Arizona Diamondbacks,2012,2733512.33333
Atlanta Braves,1985,673045.454545
Atlanta Braves,1986,589751.241379
Atlanta Braves,1987,517017.5
Atlanta Braves,1988,438902.551724
Atlanta Braves,1989,370411.133333
Atlanta Braves,1990,454859.40625
Atlanta Braves,1991,736140.0
Atlanta Braves,1992,1116946.22581
Atlanta Braves,1993,1261861.12121
Atlanta Braves,1994,1646117.1
Atlanta Braves,1995,1628808.44828
Atlanta Braves,1996,1656616.66667
Atlanta Braves,1997,1686403.22581
Atlanta Braves,1998,1912062.5
Atlanta Braves,1999,2522068.96552
Atlanta Braves,2000,2817927.86667
Atlanta Braves,2001,2965682.77419
Atlanta Braves,2002,3316798.82143
Atlanta Braves,2003,3934950.62963
Atlanta Braves,2004,3220803.57143
Atlanta Braves,2005,3458292.08
Atlanta Braves,2006,3108857.7931
Atlanta Braves,2007,3117529.75
Atlanta Braves,2008,3412189.43333
Atlanta Braves,2009,3335385.03448
Atlanta Braves,2010,3126802.44444
Atlanta Braves,2011,3346257.38462
Atlanta Braves,2012,2856204.89655
Baltimore Orioles,1985,525486.909091
Baltimore Orioles,1986,448319.241379
Baltimore Orioles,1987,463342.433333
Baltimore Orioles,1988,501187.962963
Baltimore Orioles,1989,318275.653846
Baltimore Orioles,1990,261623.891892
Baltimore Orioles,1991,565129.032258
Baltimore Orioles,1992,720626.272727
Baltimore Orioles,1993,909265.625
Baltimore Orioles,1994,1253218.35484
Baltimore Orioles,1995,1187635.7027
Baltimore Orioles,1996,1702822.34375
Baltimore Orioles,1997,2017806.89655
Baltimore Orioles,1998,2411854.46667
Baltimore Orioles,1999,2303024.65714
Baltimore Orioles,2000,2808532.24138
Baltimore Orioles,2001,2331018.62069
Baltimore Orioles,2002,1890421.46875
Baltimore Orioles,2003,2547500.0
Baltimore Orioles,2004,1843690.46429
Baltimore Orioles,2005,2639797.60714
Baltimore Orioles,2006,2592342.21429
Baltimore Orioles,2007,3450918.81481
Baltimore Orioles,2008,2099882.6875
Baltimore Orioles,2009,2580833.30769
Baltimore Orioles,2010,3138942.30769
Baltimore Orioles,2011,3280924.53846
Baltimore Orioles,2012,2762642.82143
Boston Red Sox,1985,435902.4
Boston Red Sox,1986,496628.931034
Boston Red Sox,1987,676277.8
Boston Red Sox,1988,579003.833333
Boston Red Sox,1989,672374.923077
Boston Red Sox,1990,642447.90625
Boston Red Sox,1991,1172250.0
Boston Red Sox,1992,1406793.03226
Boston Red Sox,1993,1197438.16129
Boston Red Sox,1994,1261969.46667
Boston Red Sox,1995,877176.162162
Boston Red Sox,1996,1177597.22222
Boston Red Sox,1997,1281139.70588
Boston Red Sox,1998,1719909.09091
Boston Red Sox,1999,2048306.45161
Boston Red Sox,2000,2598011.1
Boston Red Sox,2001,3438619.78125
Boston Red Sox,2002,3612202.0
Boston Red Sox,2003,3701722.22222
Boston Red Sox,2004,4243283.33333
Boston Red Sox,2005,4410897.32143
Boston Red Sox,2006,4448141.62963
Boston Red Sox,2007,5108079.07143
Boston Red Sox,2008,4763929.82143
Boston Red Sox,2009,4184344.7931
Boston Red Sox,2010,5601632.17241
Boston Red Sox,2011,5991202.77778
Boston Red Sox,2012,5093724.02941
California Angels,1985,515281.928571
California Angels,1986,497491.655172
California Angels,1987,475685.148148
California Angels,1988,426692.428571
California Angels,1989,580685.884615
California Angels,1990,620571.428571
California Angels,1991,1066451.64516
California Angels,1992,1158311.13333
California Angels,1993,893385.4375
California Angels,1994,786131.8125
California Angels,1995,946156.69697
California Angels,1996,776702.702703
Chicago Cubs,1985,577405.318182
Chicago Cubs,1986,555102.096774
Chicago Cubs,1987,550307.653846
Chicago Cubs,1988,524767.92
Chicago Cubs,1989,444500.0
Chicago Cubs,1990,439483.870968
Chicago Cubs,1991,927026.68
Chicago Cubs,1992,1065345.92857
Chicago Cubs,1993,1230833.3125
Chicago Cubs,1994,1170559.12903
Chicago Cubs,1995,922057.3125
Chicago Cubs,1996,1002454.54545
Chicago Cubs,1997,1317354.15625
Chicago Cubs,1998,1639935.48387
Chicago Cubs,1999,1684945.94595
Chicago Cubs,2000,2017977.76667
Chicago Cubs,2001,2396882.7037
Chicago Cubs,2002,2703244.03571
Chicago Cubs,2003,2852440.46429
Chicago Cubs,2004,3122758.62069
Chicago Cubs,2005,3108319.03571
Chicago Cubs,2006,3372303.53571
Chicago Cubs,2007,3691493.77778
Chicago Cubs,2008,4383179.0
Chicago Cubs,2009,5392360.0
Chicago Cubs,2010,5429962.96296
Chicago Cubs,2011,5001893.16
Chicago Cubs,2012,3392193.57692
Chicago White Sox,1985,468865.619048
Chicago White Sox,1986,336090.935484
Chicago White Sox,1987,443410.125
Chicago White Sox,1988,266250.0
Chicago White Sox,1989,290616.4
Chicago White Sox,1990,306177.419355
Chicago White Sox,1991,604273.821429
Chicago White Sox,1992,1005361.1
Chicago White Sox,1993,1280521.48387
Chicago White Sox,1994,1306127.86667
Chicago White Sox,1995,1341750.91429
Chicago White Sox,1996,1612125.0
Chicago White Sox,1997,1603888.88889
Chicago White Sox,1998,1161666.66667
Chicago White Sox,1999,800625.0
Chicago White Sox,2000,1073568.96552
Chicago White Sox,2001,2431617.2963
Chicago White Sox,2002,2113067.88889
Chicago White Sox,2003,1961923.07692
Chicago White Sox,2004,2508173.07692
Chicago White Sox,2005,2784370.37037
Chicago White Sox,2006,3951948.73077
Chicago White Sox,2007,4179685.88462
Chicago White Sox,2008,4488493.77778
Chicago White Sox,2009,3694942.30769
Chicago White Sox,2010,4058846.15385
Chicago White Sox,2011,4732925.92593
Chicago White Sox,2012,3876780.0
Cincinnati Reds,1985,379996.227273
Cincinnati Reds,1986,396879.6
Cincinnati Reds,1987,356980.769231
Cincinnati Reds,1988,355536.36
Cincinnati Reds,1989,381793.103448
Cincinnati Reds,1990,422647.058824
Cincinnati Reds,1991,1011743.57692
Cincinnati Reds,1992,1330796.25926
Cincinnati Reds,1993,1359989.87879
Cincinnati Reds,1994,1321349.45161
Cincinnati Reds,1995,1268960.88235
Cincinnati Reds,1996,1215038.11429
Cincinnati Reds,1997,1244200.0
Cincinnati Reds,1998,676617.647059
Cincinnati Reds,1999,1095572.93548
Cincinnati Reds,2000,1735822.22222
Cincinnati Reds,2001,1814296.2963
Cincinnati Reds,2002,1501679.66667
Cincinnati Reds,2003,2119845.25
Cincinnati Reds,2004,1664830.35714
Cincinnati Reds,2005,2063086.1
Cincinnati Reds,2006,2175339.96429
Cincinnati Reds,2007,2210483.22581
Cincinnati Reds,2008,2647060.53571
Cincinnati Reds,2009,3198195.65217
Cincinnati Reds,2010,2760059.30769
Cincinnati Reds,2011,2531571.13333
Cincinnati Reds,2012,2935843.42857
Cleveland Indians,1985,327583.3
Cleveland Indians,1986,251919.354839
Cleveland Indians,1987,304062.5
Cleveland Indians,1988,406204.545455
Cleveland Indians,1989,336833.333333
Cleveland Indians,1990,439000.0
Cleveland Indians,1991,587833.333333
Cleveland Indians,1992,267801.257143
Cleveland Indians,1993,464025.0
Cleveland Indians,1994,871157.142857
Cleveland Indians,1995,1083938.14286
Cleveland Indians,1996,1551850.32258
Cleveland Indians,1997,1832337.41935
Cleveland Indians,1998,1842429.27273
Cleveland Indians,1999,1920485.84211
Cleveland Indians,2000,2918491.19231
Cleveland Indians,2001,3105066.7
Cleveland Indians,2002,2630314.96667
Cleveland Indians,2003,1567252.70968
Cleveland Indians,2004,1143976.66667
Cleveland Indians,2005,1431120.68966
Cleveland Indians,2006,2241260.0
Cleveland Indians,2007,2126664.37931
Cleveland Indians,2008,3037310.23077
Cleveland Indians,2009,3021450.59259
Cleveland Indians,2010,2110481.58621
Cleveland Indians,2011,1681950.55172
Cleveland Indians,2012,2704493.10345
Colorado Rockies,1993,313742.424242
Colorado Rockies,1994,702568.617647
Colorado Rockies,1995,948742.138889
Colorado Rockies,1996,1296123.32258
Colorado Rockies,1997,1451988.9
Colorado Rockies,1998,1682821.6
Colorado Rockies,1999,1821642.26471
Colorado Rockies,2000,2182542.5
Colorado Rockies,2001,2751589.76923
Colorado Rockies,2002,2105594.18519
Colorado Rockies,2003,2239322.23333
Colorado Rockies,2004,2337327.39286
Colorado Rockies,2005,1649620.68966
Colorado Rockies,2006,1288531.25
Colorado Rockies,2007,2078500.0
Colorado Rockies,2008,2640596.15385
Colorado Rockies,2009,2785222.22222
Colorado Rockies,2010,2904379.31034
Colorado Rockies,2011,3390310.42308
Colorado Rockies,2012,2692054.17241
Detroit Tigers,1985,517407.15
Detroit Tigers,1986,456878.296296
Detroit Tigers,1987,527081.782609
Detroit Tigers,1988,559546.565217
Detroit Tigers,1989,582554.0
Detroit Tigers,1990,533128.424242
Detroit Tigers,1991,953533.32
Detroit Tigers,1992,975815.5
Detroit Tigers,1993,1230650.48387
Detroit Tigers,1994,1336983.90323
Detroit Tigers,1995,1122550.54545
Detroit Tigers,1996,732437.5
Detroit Tigers,1997,595586.206897
Detroit Tigers,1998,687571.428571
Detroit Tigers,1999,1073225.47059
Detroit Tigers,2000,2157969.14815
Detroit Tigers,2001,1907720.25
Detroit Tigers,2002,1966000.0
Detroit Tigers,2003,1891076.92308
Detroit Tigers,2004,1672571.42857
Detroit Tigers,2005,2467571.42857
Detroit Tigers,2006,2950459.5
Detroit Tigers,2007,3268978.24138
Detroit Tigers,2008,4589506.53333
Detroit Tigers,2009,4110183.75
Detroit Tigers,2010,4550552.88889
Detroit Tigers,2011,3914823.37037
Detroit Tigers,2012,4562068.96552
Florida Marlins,1993,568545.441176
Florida Marlins,1994,584675.675676
Florida Marlins,1995,662588.675676
Florida Marlins,1996,969453.125
Florida Marlins,1997,1570725.80645
Florida Marlins,1998,1033066.675
Florida Marlins,1999,585694.444444
Florida Marlins,2000,709714.285714
Florida Marlins,2001,1153629.03226
Florida Marlins,2002,1499282.75
Florida Marlins,2003,1648333.33333
Florida Marlins,2004,1560853.40741
Florida Marlins,2005,2237364.22222
Florida Marlins,2006,586860.0
Florida Marlins,2007,984096.774194
Florida Marlins,2008,660954.545455
Florida Marlins,2009,1315500.0
Florida Marlins,2010,2112211.81481
Florida Marlins,2011,2190153.84615
Houston Astros,1985,499652.55
Houston Astros,1986,411386.5
Houston Astros,1987,450298.964286
Houston Astros,1988,472544.884615
Houston Astros,1989,556648.148148
Houston Astros,1990,591290.322581
Houston Astros,1991,514100.0
Houston Astros,1992,513583.333333
Houston Astros,1993,1041741.37931
Houston Astros,1994,1003818.18182
Houston Astros,1995,949162.055556
Houston Astros,1996,918935.483871
Houston Astros,1997,1121854.83871
Houston Astros,1998,1324187.5
Houston Astros,1999,1716062.5
Houston Astros,2000,1899596.7037
Houston Astros,2001,2164738.10714
Houston Astros,2002,2349941.37037
Houston Astros,2003,2732307.69231
Houston Astros,2004,3015880.0
Houston Astros,2005,2953038.46154
Houston Astros,2006,3547777.4
Houston Astros,2007,3250333.33333
Houston Astros,2008,3293719.03704
Houston Astros,2009,3814682.0
Houston Astros,2010,3298410.71429
Houston Astros,2011,2437724.13793
Houston Astros,2012,2332730.76923
Kansas City Royals,1985,423689.954545
Kansas City Royals,1986,465846.357143
Kansas City Royals,1987,438076.148148
Kansas City Royals,1988,559867.769231
Kansas City Royals,1989,691984.0
Kansas City Royals,1990,667459.542857
Kansas City Royals,1991,1253325.42857
Kansas City Royals,1992,1210494.07143
Kansas City Royals,1993,1292067.71875
Kansas City Royals,1994,1501530.88889
Kansas City Royals,1995,738320.85
Kansas City Royals,1996,614583.333333
Kansas City Royals,1997,936621.621622
Kansas City Royals,1998,945192.307692
Kansas City Royals,1999,708783.783784
Kansas City Royals,2000,836892.857143
Kansas City Royals,2001,1265089.28571
Kansas City Royals,2002,1629551.72414
Kansas City Royals,2003,1558384.61538
Kansas City Royals,2004,1586966.66667
Kansas City Royals,2005,1365962.96296
Kansas City Royals,2006,1630827.58621
Kansas City Royals,2007,2165048.3871
Kansas City Royals,2008,2240211.53846
Kansas City Royals,2009,2712282.03846
Kansas City Royals,2010,2644637.40741
Kansas City Royals,2011,1373538.46154
Los Angeles Angels of Anaheim,2005,3271304.2069
Los Angeles Angels of Anaheim,2006,4138880.0
Los Angeles Angels of Anaheim,2007,3641711.1
Los Angeles Angels of Anaheim,2008,4110908.03448
Los Angeles Angels of Anaheim,2009,4061035.71429
Los Angeles Angels of Anaheim,2010,3619443.65517
Los Angeles Angels of Anaheim,2011,4469134.3871
Los Angeles Angels of Anaheim,2012,5327074.68966
Los Angeles Dodgers,1985,476865.956522
Los Angeles Dodgers,1986,466055.5
Los Angeles Dodgers,1987,488407.25
Los Angeles Dodgers,1988,561683.833333
Los Angeles Dodgers,1989,679727.806452
Los Angeles Dodgers,1990,609105.828571
Los Angeles Dodgers,1991,1093022.13333
Los Angeles Dodgers,1992,1544419.51724
Los Angeles Dodgers,1993,1229124.96875
Los Angeles Dodgers,1994,1225806.48387
Los Angeles Dodgers,1995,1061437.86486
Los Angeles Dodgers,1996,1104843.75
Los Angeles Dodgers,1997,1512676.8
Los Angeles Dodgers,1998,1435882.35294
Los Angeles Dodgers,1999,2378307.44118
Los Angeles Dodgers,2000,3381703.30769
Los Angeles Dodgers,2001,3762274.24138
Los Angeles Dodgers,2002,3648113.57692
Los Angeles Dodgers,2003,4222904.8
Los Angeles Dodgers,2004,3440814.85185
Los Angeles Dodgers,2005,2767966.66667
Los Angeles Dodgers,2006,3515970.96429
Los Angeles Dodgers,2007,3739811.17241
Los Angeles Dodgers,2008,4089259.86207
Los Angeles Dodgers,2009,4016583.68
Los Angeles Dodgers,2010,3531778.37037
Los Angeles Dodgers,2011,3472966.63333
Los Angeles Dodgers,2012,3171452.5
Miami Marlins,2012,4373259.25926
Milwaukee Brewers,1985,593900.368421
Milwaukee Brewers,1986,355130.071429
Milwaukee Brewers,1987,260472.285714
Milwaukee Brewers,1988,381909.090909
Milwaukee Brewers,1989,384433.333333
Milwaukee Brewers,1990,532950.459459
Milwaukee Brewers,1991,1005021.73913
Milwaukee Brewers,1992,1148654.33333
Milwaukee Brewers,1993,721419.212121
Milwaukee Brewers,1994,785500.0
Milwaukee Brewers,1995,508537.857143
Milwaukee Brewers,1996,639117.647059
Milwaukee Brewers,1997,695745.235294
Milwaukee Brewers,1998,997497.176471
Milwaukee Brewers,1999,1355543.59375
Milwaukee Brewers,2000,1140791.65625
Milwaukee Brewers,2001,1567386.89286
Milwaukee Brewers,2002,1734063.2069
Milwaukee Brewers,2003,1400931.03448
Milwaukee Brewers,2004,1101140.0
Milwaukee Brewers,2005,1597393.32
Milwaukee Brewers,2006,2214166.65385
Milwaukee Brewers,2007,2629129.62963
Milwaukee Brewers,2008,2790948.24138
Milwaukee Brewers,2009,3083942.38462
Milwaukee Brewers,2010,2796837.17241
Milwaukee Brewers,2011,2849911.1
Milwaukee Brewers,2012,3755920.92308
Minnesota Twins,1985,303411.631579
Minnesota Twins,1986,397643.954545
Minnesota Twins,1987,710833.333333
Minnesota Twins,1988,541855.043478
Minnesota Twins,1989,621266.64
Minnesota Twins,1990,405611.111111
Minnesota Twins,1991,973409.708333
Minnesota Twins,1992,1000994.07143
Minnesota Twins,1993,855088.878788
Minnesota Twins,1994,947950.0
Minnesota Twins,1995,770015.151515
Minnesota Twins,1996,700515.151515
Minnesota Twins,1997,1099112.90323
Minnesota Twins,1998,963017.241379
Minnesota Twins,1999,733017.241379
Minnesota Twins,2000,635365.384615
Minnesota Twins,2001,893703.703704
Minnesota Twins,2002,1497222.22222
Minnesota Twins,2003,2134807.69231
Minnesota Twins,2004,2060961.53846
Minnesota Twins,2005,2080962.96296
Minnesota Twins,2006,2438307.92308
Minnesota Twins,2007,2551410.71429
Minnesota Twins,2008,2277310.64
Minnesota Twins,2009,2251698.82759
Minnesota Twins,2010,3484255.92857
Minnesota Twins,2011,4509480.0
Minnesota Twins,2012,3484629.62963
Montreal Expos,1985,473508.3
Montreal Expos,1986,346987.5
Montreal Expos,1987,289252.166667
Montreal Expos,1988,384133.32
Montreal Expos,1989,493121.035714
Montreal Expos,1990,535044.774194
Montreal Expos,1991,631313.705882
Montreal Expos,1992,586012.37037
Montreal Expos,1993,484598.282051
Montreal Expos,1994,682071.428571
Montreal Expos,1995,374666.666667
Montreal Expos,1996,524661.290323
Montreal Expos,1997,622435.483871
Montreal Expos,1998,322469.69697
Montreal Expos,1999,511514.285714
Montreal Expos,2000,1137735.62069
Montreal Expos,2001,1134177.41935
Montreal Expos,2002,1381089.28571
Montreal Expos,2003,1998019.23077
Montreal Expos,2004,1410258.62069
New York Mets,1985,515941.047619
New York Mets,1986,549775.5
New York Mets,1987,553868.56
New York Mets,1988,610772.56
New York Mets,1989,710181.107143
New York Mets,1990,678838.5625
New York Mets,1991,1253461.57692
New York Mets,1992,1715461.61538
New York Mets,1993,1301455.56667
New York Mets,1994,998599.451613
New York Mets,1995,674999.804878
New York Mets,1996,741803.030303
New York Mets,1997,1137154.28571
New York Mets,1998,1578121.18182
New York Mets,1999,2099744.90323
New York Mets,2000,3180391.04
New York Mets,2001,3212911.31034
New York Mets,2002,3639753.57692
New York Mets,2003,4174158.17857
New York Mets,2004,3452177.5
New York Mets,2005,3752067.44444
New York Mets,2006,3743887.51852
New York Mets,2007,3841055.43333
New York Mets,2008,4593112.53333
New York Mets,2009,5334785.25
New York Mets,2010,4800819.35714
New York Mets,2011,4401752.18519
New York Mets,2012,3457554.92593
New York Yankees,1985,711910.2
New York Yankees,1986,660509.035714
New York Yankees,1987,488563.257143
New York Yankees,1988,648038.4
New York Yankees,1989,552076.612903
New York Yankees,1990,633706.606061
New York Yankees,1991,976577.428571
New York Yankees,1992,1137676.78788
New York Yankees,1993,1291663.63636
New York Yankees,1994,1576942.55172
New York Yankees,1995,1437495.61765
New York Yankees,1996,1593876.23529
New York Yankees,1997,2146260.17241
New York Yankees,1998,2087714.59375
New York Yankees,1999,2990839.96552
New York Yankees,2000,3297795.0
New York Yankees,2001,3622165.90323
New York Yankees,2002,4342364.93103
New York Yankees,2003,5455350.5
New York Yankees,2004,6351515.51724
New York Yankees,2005,8011800.65385
New York Yankees,2006,6952252.82143
New York Yankees,2007,6759251.60714
New York Yankees,2008,6929892.96667
New York Yankees,2009,7748045.73077
New York Yankees,2010,8253335.56
New York Yankees,2011,6975000.96552
New York Yankees,2012,6776630.65517
Oakland Athletics,1985,431362.190476
Oakland Athletics,1986,315465.193548
Oakland Athletics,1987,449263.038462
Oakland Athletics,1988,421304.347826
Oakland Athletics,1989,624522.8
Oakland Athletics,1990,584926.5
Oakland Athletics,1991,1423044.88462
Oakland Athletics,1992,1282343.75
Oakland Athletics,1993,1050342.58333
Oakland Athletics,1994,1035530.30303
Oakland Athletics,1995,1019979.05405
Oakland Athletics,1996,574135.135135
Oakland Athletics,1997,615858.974359
Oakland Athletics,1998,608657.142857
Oakland Athletics,1999,814394.433333
Oakland Athletics,2000,1184123.44444
Oakland Athletics,2001,1252250.0
Oakland Athletics,2002,1481635.81481
Oakland Athletics,2003,1933109.0
Oakland Athletics,2004,2122345.25
Oakland Athletics,2005,2131760.07692
Oakland Athletics,2006,2489723.16
Oakland Athletics,2007,2834533.57143
Oakland Athletics,2008,1713111.64286
Oakland Athletics,2009,2292962.96296
Oakland Athletics,2010,1726715.625
Oakland Athletics,2011,2376303.57143
Oakland Athletics,2012,1845750.0
Philadelphia Phillies,1985,532892.947368
Philadelphia Phillies,1986,373876.322581
Philadelphia Phillies,1987,479759.708333
Philadelphia Phillies,1988,532230.769231
Philadelphia Phillies,1989,407846.153846
Philadelphia Phillies,1990,439122.233333
Philadelphia Phillies,1991,749577.733333
Philadelphia Phillies,1992,812794.466667
Philadelphia Phillies,1993,891822.9375
Philadelphia Phillies,1994,987468.75
Philadelphia Phillies,1995,783485.769231
Philadelphia Phillies,1996,798011.627907
Philadelphia Phillies,1997,916412.5
Philadelphia Phillies,1998,1037071.42857
Philadelphia Phillies,1999,932132.352941
Philadelphia Phillies,2000,1631310.34483
Philadelphia Phillies,2001,1602455.11538
Philadelphia Phillies,2002,2069821.39286
Philadelphia Phillies,2003,2440689.65517
Philadelphia Phillies,2004,3573814.11538
Philadelphia Phillies,2005,3673923.07692
Philadelphia Phillies,2006,3269382.7037
Philadelphia Phillies,2007,2980940.43333
Philadelphia Phillies,2008,3495710.0
Philadelphia Phillies,2009,4185335.03704
Philadelphia Phillies,2010,5068870.67857
Philadelphia Phillies,2011,5765879.3
Philadelphia Phillies,2012,5817964.6
Pittsburgh Pirates,1985,485657.894737
Pittsburgh Pirates,1986,373913.793103
Pittsburgh Pirates,1987,306080.0
Pittsburgh Pirates,1988,222166.666667
Pittsburgh Pirates,1989,439224.137931
Pittsburgh Pirates,1990,432111.111111
Pittsburgh Pirates,1991,875358.037037
Pittsburgh Pirates,1992,1212291.67857
Pittsburgh Pirates,1993,752195.969697
Pittsburgh Pirates,1994,712272.058824
Pittsburgh Pirates,1995,556222.575758
Pittsburgh Pirates,1996,657642.857143
Pittsburgh Pirates,1997,307761.914286
Pittsburgh Pirates,1998,430428.571429
Pittsburgh Pirates,1999,649938.578947
Pittsburgh Pirates,2000,1112628.23077
Pittsburgh Pirates,2001,1863252.67742
Pittsburgh Pirates,2002,1459434.44828
Pittsburgh Pirates,2003,1957586.75
Pittsburgh Pirates,2004,1193627.0
Pittsburgh Pirates,2005,1361892.85714
Pittsburgh Pirates,2006,1668491.07143
Pittsburgh Pirates,2007,1427327.14815
Pittsburgh Pirates,2008,1872683.96154
Pittsburgh Pirates,2009,1872807.69231
Pittsburgh Pirates,2010,1294185.18519
Pittsburgh Pirates,2011,1553344.82759
Pittsburgh Pirates,2012,2248285.67857
San Diego Padres,1985,501662.863636
San Diego Padres,1986,455227.72
San Diego Padres,1987,409844.296296
San Diego Padres,1988,354111.185185
San Diego Padres,1989,525740.740741
San Diego Padres,1990,549635.4375
San Diego Padres,1991,738333.366667
San Diego Padres,1992,959077.392857
San Diego Padres,1993,750333.323529
San Diego Padres,1994,426180.942857
San Diego Padres,1995,851043.032258
San Diego Padres,1996,944939.066667
San Diego Padres,1997,1288402.48276
San Diego Padres,1998,1562050.0
San Diego Padres,1999,1508126.63636
San Diego Padres,2000,1827366.66667
San Diego Padres,2001,1399386.89286
San Diego Padres,2002,1428448.27586
San Diego Padres,2003,1507000.0
San Diego Padres,2004,2130185.88462
San Diego Padres,2005,2260386.89286
San Diego Padres,2006,2496290.75
San Diego Padres,2007,2235021.80769
San Diego Padres,2008,2376697.29032
San Diego Padres,2009,1604951.85185
San Diego Padres,2010,1453819.23077
San Diego Padres,2011,1479649.67742
San Diego Padres,2012,1973025.0
San Francisco Giants,1985,411085.7
San Francisco Giants,1986,319535.714286
San Francisco Giants,1987,316956.521739
San Francisco Giants,1988,495200.0
San Francisco Giants,1989,534386.928571
San Francisco Giants,1990,568686.264706
San Francisco Giants,1991,1191064.07692
San Francisco Giants,1992,1326526.72
San Francisco Giants,1993,1130645.16129
San Francisco Giants,1994,1332458.3125
San Francisco Giants,1995,934943.0
San Francisco Giants,1996,1061277.85714
San Francisco Giants,1997,1112261.8125
San Francisco Giants,1998,1520208.35714
San Francisco Giants,1999,1606726.10345
San Francisco Giants,2000,2066839.46154
San Francisco Giants,2001,2343709.88889
San Francisco Giants,2002,2899993.88889
San Francisco Giants,2003,3186621.80769
San Francisco Giants,2004,2645779.54839
San Francisco Giants,2005,3469211.53846
San Francisco Giants,2006,3463708.42308
San Francisco Giants,2007,3469963.69231
San Francisco Giants,2008,2641189.65517
San Francisco Giants,2009,2965230.35714
San Francisco Giants,2010,3522904.75
San Francisco Giants,2011,4377716.03704
San Francisco Giants,2012,3920689.43333
Seattle Mariners,1985,256277.777778
Seattle Mariners,1986,229165.730769
Seattle Mariners,1987,251500.0
Seattle Mariners,1988,282401.923077
Seattle Mariners,1989,407479.166667
Seattle Mariners,1990,369225.5
Seattle Mariners,1991,603532.038462
Seattle Mariners,1992,799304.586207
Seattle Mariners,1993,990797.969697
Seattle Mariners,1994,885712.121212
Seattle Mariners,1995,1042323.17143
Seattle Mariners,1996,1215544.14706
Seattle Mariners,1997,1298145.65625
Seattle Mariners,1998,1423343.05263
Seattle Mariners,1999,1503472.30556
Seattle Mariners,2000,2265961.53846
Seattle Mariners,2001,2668601.21429
Seattle Mariners,2002,3211306.72
Seattle Mariners,2003,3220709.88889
Seattle Mariners,2004,2911279.78571
Seattle Mariners,2005,2742322.9375
Seattle Mariners,2006,3257771.59259
Seattle Mariners,2007,3942993.81481
Seattle Mariners,2008,4525633.92308
Seattle Mariners,2009,3532291.64286
Seattle Mariners,2010,3089642.85714
Seattle Mariners,2011,2969331.03448
Seattle Mariners,2012,2927789.28571
St. Louis Cardinals,1985,472683.32
St. Louis Cardinals,1986,365741.111111
St. Louis Cardinals,1987,379290.322581
St. Louis Cardinals,1988,477037.037037
St. Louis Cardinals,1989,574244.035714
St. Louis Cardinals,1990,586380.971429
St. Louis Cardinals,1991,753793.137931
St. Louis Cardinals,1992,951166.758621
St. Louis Cardinals,1993,778911.133333
St. Louis Cardinals,1994,975853.366667
St. Louis Cardinals,1995,976342.105263
St. Louis Cardinals,1996,1220292.93939
St. Louis Cardinals,1997,1262685.19444
St. Louis Cardinals,1998,1562072.02857
St. Louis Cardinals,1999,1382727.63889
St. Louis Cardinals,2000,2276069.0
St. Louis Cardinals,2001,2617944.43333
St. Louis Cardinals,2002,2871572.11538
St. Louis Cardinals,2003,2702795.67742
St. Louis Cardinals,2004,3201089.73077
St. Louis Cardinals,2005,3542570.5
St. Louis Cardinals,2006,3292273.0
St. Louis Cardinals,2007,3224529.39286
St. Louis Cardinals,2008,3018922.69697
St. Louis Cardinals,2009,3278829.96296
St. Louis Cardinals,2010,3741630.04
St. Louis Cardinals,2011,3904947.11111
St. Louis Cardinals,2012,3939316.5
Tampa Bay Devil Rays,1998,826666.666667
Tampa Bay Devil Rays,1999,1022894.73684
Tampa Bay Devil Rays,2000,2024681.58065
Tampa Bay Devil Rays,2001,2110370.37037
Tampa Bay Devil Rays,2002,1227857.14286
Tampa Bay Devil Rays,2003,785200.0
Tampa Bay Devil Rays,2004,1094691.37037
Tampa Bay Devil Rays,2005,1023416.10345
Tampa Bay Devil Rays,2006,1293258.03704
Tampa Bay Devil Rays,2007,893462.962963
Tampa Bay Rays,2008,1460686.56667
Tampa Bay Rays,2009,2183208.06897
Tampa Bay Rays,2010,2663832.25926
Tampa Bay Rays,2011,1578983.5
Tampa Bay Rays,2012,2291910.71429
Texas Rangers,1985,383825.0
Texas Rangers,1986,259350.730769
Texas Rangers,1987,220000.0
Texas Rangers,1988,242824.136364
Texas Rangers,1989,396459.366667
Texas Rangers,1990,402010.054054
Texas Rangers,1991,867833.333333
Texas Rangers,1992,971876.354839
Texas Rangers,1993,957288.394737
Texas Rangers,1994,999199.909091
Texas Rangers,1995,1017101.5
Texas Rangers,1996,1183076.60606
Texas Rangers,1997,1444563.18919
Texas Rangers,1998,1885736.5
Texas Rangers,1999,2556997.7
Texas Rangers,2000,2722920.03846
Texas Rangers,2001,2859145.16129
Texas Rangers,2002,3768790.07143
Texas Rangers,2003,3449722.23333
Texas Rangers,2004,1898290.24138
Texas Rangers,2005,1801580.64516
Texas Rangers,2006,2200924.58065
Texas Rangers,2007,2439952.67857
Texas Rangers,2008,2334907.7931
Texas Rangers,2009,2350993.03448
Texas Rangers,2010,1905191.17241
Texas Rangers,2011,3182733.24138
Texas Rangers,2012,4635037.46154
Toronto Blue Jays,1985,440627.5
Toronto Blue Jays,1986,467075.814815
Toronto Blue Jays,1987,455630.478261
Toronto Blue Jays,1988,470816.346154
Toronto Blue Jays,1989,580773.785714
Toronto Blue Jays,1990,657660.518519
Toronto Blue Jays,1991,796096.68
Toronto Blue Jays,1992,1244129.61111
Toronto Blue Jays,1993,1432702.0
Toronto Blue Jays,1994,1447788.93333
Toronto Blue Jays,1995,1533030.30303
Toronto Blue Jays,1996,895608.575758
Toronto Blue Jays,1997,1426661.60606
Toronto Blue Jays,1998,1605500.0
Toronto Blue Jays,1999,1420135.40625
Toronto Blue Jays,2000,1793533.28
Toronto Blue Jays,2001,2746285.67857
Toronto Blue Jays,2002,2650494.24138
Toronto Blue Jays,2003,1898851.85185
Toronto Blue Jays,2004,1923730.76923
Toronto Blue Jays,2005,1758442.30769
Toronto Blue Jays,2006,2744807.69231
Toronto Blue Jays,2007,3034918.51852
Toronto Blue Jays,2008,3621996.2963
Toronto Blue Jays,2009,2876367.85714
Toronto Blue Jays,2010,2074466.66667
Toronto Blue Jays,2011,2018316.12903
Toronto Blue Jays,2012,2778118.51852
Washington Nationals,2005,1619383.33333
Washington Nationals,2006,2036870.96774
Washington Nationals,2007,1319553.57143
Washington Nationals,2008,1895206.89655
Washington Nationals,2009,2140285.71429
Washington Nationals,2010,2046666.66667
Washington Nationals,2011,2201963.03448
Washington Nationals,2012,2695171.43333
